lift_deg,servo_deg,tip_height_mm,tip_y_mm,ratio_dphi_dth,pivot_torque_Nm_stall,tip_force_perp_N_stall,tip_force_vertical_N_stall,rod_force_N_stall,rod_arm_about_servo_mm,rod_arm_about_pivot_mm,transmission_angle_deg,horn_rod_angle_deg,rod_edge_to_pin_surface_mm,servo_torque_Nm_per_100N_down
0.0,-4.93,6.2,112.2,-4.843,18.984,372.6,429.3,1547.7,2.53,12.27,58.4,9.7,6.27,0.913
0.5,-4.93,6.2,112.2,-4.843,18.984,372.6,429.3,1547.7,2.53,12.27,58.4,9.7,6.27,0.913
1.0,-6.93,6.6,112.4,-3.378,13.244,259.9,298.0,1098.4,3.57,12.06,56.9,13.8,6.05,1.314
1.5,-8.44,7.0,112.7,-2.734,10.715,210.3,239.9,900.1,4.35,11.9,55.8,16.9,5.9,1.635
2.0,-9.7,7.4,112.9,-2.351,9.217,180.9,205.4,782.5,5.01,11.78,54.9,19.5,5.78,1.91
2.5,-10.81,7.7,113.1,-2.092,8.202,161.0,181.9,702.5,5.58,11.67,54.2,21.8,5.67,2.156
3.0,-11.81,8.1,113.3,-1.902,7.457,146.3,164.7,643.7,6.09,11.58,53.6,24.0,5.58,2.382
3.5,-12.72,8.5,113.5,-1.756,6.882,135.1,151.3,598.3,6.55,11.5,53.0,25.9,5.5,2.591
4.0,-13.57,8.9,113.7,-1.638,6.423,126.0,140.6,561.8,6.98,11.43,52.6,27.7,5.43,2.79
4.5,-14.36,9.3,113.9,-1.542,6.045,118.6,131.7,531.8,7.37,11.37,52.1,29.4,5.36,2.977
5.0,-15.11,9.7,114.1,-1.461,5.728,112.4,124.3,506.5,7.74,11.31,51.8,31.1,5.31,3.155
5.5,-15.82,10.1,114.3,-1.392,5.457,107.1,118.0,484.9,8.08,11.26,51.4,32.6,5.26,3.326
6.0,-16.5,10.5,114.4,-1.333,5.224,102.5,112.5,466.1,8.41,11.21,51.1,34.1,5.21,3.481
6.5,-17.16,10.9,114.6,-1.281,5.02,98.5,107.7,449.7,8.72,11.16,50.8,35.5,5.17,3.638
7.0,-17.79,11.4,114.8,-1.235,4.839,95.0,103.4,435.1,9.01,11.12,50.6,36.9,5.13,3.789
7.5,-18.39,11.8,115.0,-1.194,4.679,91.8,99.6,422.1,9.29,11.09,50.4,38.3,5.09,3.936
8.0,-18.98,12.2,115.1,-1.157,4.536,89.0,96.2,410.4,9.55,11.05,50.2,39.6,5.05,4.071
8.5,-19.55,12.6,115.3,-1.124,4.407,86.5,93.1,399.8,9.8,11.02,50.0,40.8,5.02,4.208
9.0,-20.11,13.0,115.5,-1.094,4.29,84.2,90.4,390.3,10.04,10.99,49.8,42.0,4.99,4.342
9.5,-20.65,13.4,115.6,-1.067,4.184,82.1,87.8,381.5,10.28,10.97,49.6,43.2,4.97,4.461
10.0,-21.17,13.8,115.8,-1.043,4.087,80.2,85.5,373.5,10.5,10.94,49.5,44.4,4.95,4.583
10.5,-21.69,14.2,115.9,-1.02,3.999,78.5,83.4,366.1,10.71,10.92,49.4,45.6,4.93,4.696
11.0,-22.19,14.7,116.1,-0.999,3.917,76.9,81.4,359.2,10.91,10.9,49.2,46.7,4.9,4.815
11.5,-22.69,15.1,116.2,-0.98,3.842,75.4,79.7,352.9,11.11,10.89,49.1,47.8,4.89,4.918
12.0,-23.17,15.5,116.4,-0.963,3.773,74.1,78.0,347.1,11.29,10.87,49.0,48.8,4.87,5.026
12.5,-23.65,15.9,116.5,-0.946,3.709,72.8,76.5,341.6,11.48,10.86,49.0,49.9,4.86,5.127
13.0,-24.12,16.4,116.7,-0.931,3.65,71.6,75.0,336.5,11.65,10.85,48.9,50.9,4.85,5.231
13.5,-24.58,16.8,116.8,-0.917,3.595,70.6,73.7,331.8,11.82,10.84,48.8,52.0,4.83,5.322
14.0,-25.04,17.2,116.9,-0.904,3.544,69.6,72.5,327.3,11.98,10.83,48.8,53.0,4.83,5.409
14.5,-25.49,17.6,117.0,-0.892,3.497,68.6,71.3,323.2,12.13,10.82,48.7,54.0,4.82,5.493
15.0,-25.93,18.1,117.2,-0.881,3.453,67.8,70.3,319.2,12.28,10.82,48.7,54.9,4.82,5.585
15.5,-26.37,18.5,117.3,-0.87,3.412,67.0,69.3,315.6,12.42,10.81,48.7,55.9,4.81,5.667
16.0,-26.8,18.9,117.4,-0.861,3.374,66.2,68.3,312.1,12.56,10.81,48.7,56.9,4.81,5.738
16.5,-27.23,19.4,117.5,-0.852,3.338,65.5,67.5,308.8,12.69,10.81,48.7,57.8,4.81,5.81
17.0,-27.65,19.8,117.6,-0.843,3.305,64.9,66.6,305.8,12.82,10.81,48.7,58.7,4.81,5.884
17.5,-28.07,20.2,117.7,-0.835,3.274,64.2,65.9,302.9,12.94,10.81,48.7,59.6,4.81,5.952
18.0,-28.49,20.7,117.8,-0.828,3.245,63.7,65.2,300.2,13.06,10.81,48.7,60.5,4.81,6.014
18.5,-28.9,21.1,117.9,-0.821,3.218,63.2,64.5,297.6,13.17,10.81,48.7,61.4,4.81,6.078
19.0,-29.31,21.5,118.0,-0.814,3.193,62.7,63.9,295.1,13.28,10.82,48.7,62.3,4.82,6.143
19.5,-29.71,22.0,118.1,-0.809,3.169,62.2,63.3,292.8,13.39,10.82,48.8,63.2,4.83,6.193
20.0,-30.12,22.4,118.1,-0.803,3.148,61.8,62.8,290.6,13.49,10.83,48.8,64.0,4.83,6.239
20.5,-30.52,22.8,118.2,-0.798,3.128,61.4,62.3,288.6,13.58,10.84,48.8,64.9,4.84,6.291
21.0,-30.92,23.3,118.3,-0.793,3.109,61.0,61.8,286.6,13.68,10.85,48.9,65.7,4.85,6.343
21.5,-31.31,23.7,118.4,-0.789,3.092,60.7,61.4,284.8,13.76,10.86,48.9,66.6,4.86,6.388
22.0,-31.7,24.2,118.4,-0.785,3.076,60.4,61.0,283.0,13.85,10.87,49.0,67.4,4.86,6.42
22.5,-32.1,24.6,118.5,-0.781,3.061,60.1,60.6,281.4,13.93,10.88,49.1,68.2,4.88,6.466
23.0,-32.48,25.0,118.5,-0.777,3.048,59.8,60.3,279.8,14.01,10.89,49.2,69.0,4.89,6.499
23.5,-32.87,25.5,118.6,-0.774,3.036,59.6,60.0,278.4,14.08,10.9,49.2,69.9,4.9,6.537
24.0,-33.26,25.9,118.6,-0.772,3.024,59.4,59.7,277.0,14.15,10.92,49.3,70.7,4.92,6.554
24.5,-33.64,26.4,118.7,-0.769,3.014,59.2,59.5,275.7,14.22,10.93,49.4,71.4,4.93,6.593
25.0,-34.03,26.8,118.7,-0.767,3.005,59.0,59.2,274.4,14.28,10.95,49.5,72.2,4.95,6.61
25.5,-34.41,27.2,118.8,-0.765,2.997,58.8,59.0,273.3,14.34,10.97,49.6,73.0,4.97,6.641
26.0,-34.79,27.7,118.8,-0.763,2.99,58.7,58.8,272.2,14.4,10.99,49.7,73.8,4.98,6.658
26.5,-35.17,28.1,118.8,-0.761,2.984,58.6,58.7,271.1,14.46,11.0,49.9,74.5,5.0,6.675
27.0,-35.55,28.6,118.9,-0.76,2.978,58.4,58.5,270.2,14.51,11.02,50.0,75.3,5.02,6.697
27.5,-35.93,29.0,118.9,-0.759,2.974,58.4,58.4,269.3,14.56,11.04,50.1,76.1,5.04,6.706
28.0,-36.31,29.5,118.9,-0.758,2.97,58.3,58.3,268.4,14.6,11.07,50.2,76.8,5.06,6.715
28.5,-36.69,29.9,118.9,-0.757,2.967,58.2,58.3,267.6,14.65,11.09,50.4,77.5,5.09,6.724
29.0,-37.07,30.4,118.9,-0.756,2.965,58.2,58.2,266.9,14.69,11.11,50.5,78.3,5.11,6.733
29.5,-37.45,30.8,119.0,-0.756,2.964,58.2,58.2,266.2,14.72,11.13,50.7,79.0,5.13,6.746
30.0,-37.83,31.2,119.0,-0.756,2.963,58.2,58.2,265.6,14.76,11.16,50.8,79.7,5.16,6.746
30.5,-38.2,31.7,119.0,-0.756,2.964,58.2,58.2,265.0,14.79,11.18,51.0,80.5,5.18,6.746
31.0,-38.58,32.1,119.0,-0.756,2.964,58.2,58.2,264.5,14.82,11.21,51.1,81.2,5.21,6.746
31.5,-38.96,32.6,118.9,-0.757,2.966,58.2,58.2,264.0,14.85,11.24,51.3,81.9,5.24,6.724
32.0,-39.34,33.0,118.9,-0.757,2.968,58.3,58.3,263.5,14.87,11.26,51.5,82.6,5.26,6.724
32.5,-39.72,33.5,118.9,-0.758,2.971,58.3,58.4,263.1,14.9,11.29,51.7,83.3,5.29,6.715
33.0,-40.1,33.9,118.9,-0.759,2.975,58.4,58.4,262.8,14.92,11.32,51.8,84.0,5.32,6.706
33.5,-40.48,34.4,118.9,-0.76,2.979,58.5,58.6,262.5,14.94,11.35,52.0,84.7,5.35,6.697
34.0,-40.86,34.8,118.8,-0.761,2.984,58.6,58.7,262.2,14.95,11.38,52.2,85.3,5.38,6.675
34.5,-41.24,35.2,118.8,-0.763,2.989,58.7,58.8,262.0,14.96,11.41,52.4,86.0,5.41,6.658
35.0,-41.62,35.7,118.8,-0.764,2.995,58.8,59.0,261.8,14.98,11.44,52.6,86.7,5.44,6.649
35.5,-42.0,36.1,118.7,-0.766,3.002,58.9,59.2,261.6,14.98,11.47,52.8,87.4,5.47,6.619
36.0,-42.38,36.6,118.7,-0.768,3.009,59.0,59.3,261.5,14.99,11.51,53.1,88.0,5.51,6.602
36.5,-42.77,37.0,118.7,-0.77,3.017,59.2,59.6,261.4,15.0,11.54,53.3,88.7,5.54,6.584
37.0,-43.15,37.5,118.6,-0.772,3.025,59.4,59.8,261.3,15.0,11.57,53.5,89.4,5.58,6.554
37.5,-43.54,37.9,118.6,-0.774,3.034,59.5,60.0,261.3,15.0,11.61,53.7,90.0,5.61,6.537
38.0,-43.93,38.3,118.5,-0.776,3.043,59.7,60.3,261.4,15.0,11.64,54.0,89.3,5.64,6.508
38.5,-44.32,38.8,118.4,-0.779,3.053,59.9,60.5,261.4,15.0,11.68,54.2,88.7,5.68,6.47
39.0,-44.71,39.2,118.4,-0.782,3.064,60.1,60.8,261.5,14.99,11.72,54.5,88.1,5.72,6.445
39.5,-45.1,39.7,118.3,-0.784,3.075,60.3,61.1,261.6,14.98,11.75,54.7,87.4,5.75,6.416
40.0,-45.49,40.1,118.2,-0.787,3.087,60.6,61.5,261.7,14.98,11.79,55.0,86.8,5.79,6.379
40.5,-45.89,40.5,118.1,-0.791,3.099,60.8,61.8,261.9,14.97,11.83,55.3,86.2,5.83,6.334
41.0,-46.28,41.0,118.1,-0.794,3.112,61.1,62.1,262.1,14.95,11.87,55.5,85.5,5.87,6.31
41.5,-46.68,41.4,118.0,-0.797,3.125,61.3,62.5,262.4,14.94,11.91,55.8,84.9,5.91,6.274
42.0,-47.08,41.8,117.9,-0.801,3.138,61.6,62.9,262.6,14.93,11.95,56.1,84.3,5.95,6.23
42.5,-47.48,42.3,117.8,-0.804,3.153,61.9,63.3,262.9,14.91,11.99,56.4,83.7,5.99,6.194
43.0,-47.88,42.7,117.7,-0.808,3.167,62.2,63.7,263.2,14.89,12.03,56.7,83.1,6.03,6.151
43.5,-48.29,43.1,117.6,-0.812,3.182,62.5,64.2,263.6,14.87,12.07,57.0,82.5,6.07,6.108
44.0,-48.7,43.6,117.5,-0.816,3.198,62.8,64.6,264.0,14.85,12.12,57.3,81.9,6.11,6.066
44.5,-49.1,44.0,117.4,-0.82,3.214,63.1,65.1,264.4,14.83,12.16,57.6,81.3,6.16,6.024
45.0,-49.52,44.4,117.3,-0.824,3.231,63.4,65.6,264.8,14.8,12.2,57.9,80.7,6.2,5.983
