effective_mass_kg,contact_width,relative_speed_m_s,peak_contact_force_N,maximum_displacement_mm,permanent_tip_offset_mm,small_deflection_valid
0.25,full_62mm,0.5,237.966580566271,0.26264196211737156,0.0,True
0.25,full_62mm,1.0,475.933161132542,0.5252839242347431,0.0,True
0.25,full_62mm,2.0,951.866322265084,1.0505678484694863,0.0,True
0.25,local_10mm,0.5,95.56967857861356,0.6539732116695979,0.0,True
0.25,local_10mm,1.0,187.69091772846016,1.3081676164123657,0.023818499687774962,True
0.25,local_10mm,2.0,193.3312031954498,3.2765573659485283,1.9536123717820522,True
0.6176470588235295,full_62mm,0.5,374.0383690281426,0.41282339274264035,0.0,True
0.6176470588235295,full_62mm,1.0,748.0767380562852,0.8256467854852807,0.0,True
0.6176470588235295,full_62mm,2.0,1170.6897954906779,1.7025295594905847,0.41044785546816404,True
0.6176470588235295,local_10mm,0.5,150.21742388794513,1.0279219581964403,0.0,True
0.6176470588235295,local_10mm,1.0,190.47663389274118,2.2803480450413693,0.9769365669711119,True
0.6176470588235295,local_10mm,2.0,203.93828550257822,6.978297678213558,5.582769540669336,False
1.5,full_62mm,0.5,582.896698222268,0.6433387922309501,0.0,True
1.5,full_62mm,1.0,1163.3019582738,1.2866805820871567,0.0027527795824502503,True
1.5,full_62mm,2.0,1197.170405163195,3.193078705345887,1.8717705474831663,True
1.5,local_10mm,0.5,188.64267667516904,1.6403196973124519,0.3494577946878596,True
1.5,local_10mm,1.0,197.00169965380147,4.55751515551664,3.2094533419468676,False
1.5,local_10mm,2.0,227.38538095528554,15.16104350120787,13.605069367134346,False
