time_ms,displacement_mm,velocity_m_s,acceleration_m_s2,contact_force_N,plastic_tip_offset_mm
0.0,0.0,0.5,-0.0,0.0,0.0
0.025162595006523104,0.012581169450823075,0.499986120931594,-1.225716180319327,1.8385742704789907,0.0
0.05032519001304621,0.025161562835811935,0.4999414003625187,-2.4513567526871274,3.677035129030691,0.0
0.0754877850195693,0.03774040413700375,0.4998658410513497,-3.6768461138157273,5.515269170723591,0.0
0.10065038002609242,0.05031691743217554,0.4997594476589411,-4.902108669744876,7.353163004617313,0.0
0.12581297503261551,0.06289032694270674,0.49962222674813916,-6.127068840504738,9.190603260757108,0.0
0.1509755700391386,0.07545985708143281,0.4994541867833764,-7.351651064778021,11.02747659716703,0.0
0.1761381650456617,0.08802473250048715,0.4992553381301497,-8.575779804560943,12.863669706841415,0.0
0.20130076005218484,0.10058417813912823,0.4990256930543816,-9.799379549822802,14.699069324734204,0.0
0.22646335505870793,0.113137419271549,0.4987652657216626,-11.022374823163759,16.533562234745638,0.0
0.25162595006523103,0.1256836815546655,0.49847407219637824,-12.244690184470649,18.367035276705973,0.0
0.27678854507175416,0.13822219107588218,0.4981521304407178,-13.466250235570492,20.199375353355737,0.0
0.3019511400782772,0.1507521744008304,0.49779946031356626,-14.686979624881404,22.030469437322107,0.0
0.32711373508480035,0.16327285862107743,0.49741608356927924,-15.906803052060637,23.860204578090954,0.0
0.3522763300913234,0.17578347140180314,0.4970020238563414,-17.125645272649447,25.688467908974168,0.0
0.37743892509784654,0.1882832410294413,0.49655730671590764,-18.34343110271454,27.51514665407181,0.0
0.40260152010436967,0.2007713964592825,0.49608195958022744,-19.560085423485777,29.340128135228667,0.0
0.42776411511089274,0.2132471673630358,0.4955760117709526,-20.775533185989854,31.163299778984783,0.0
0.45292671011741586,0.22570978417634613,0.495039494497329,-21.989699415679638,32.98454912351946,0.0
0.47808930512393893,0.23815847814626476,0.49447244085427083,-23.202509217059003,34.803763825588504,0.0
0.5032519001304621,0.2505924813786696,0.49387488582031963,-24.41388777830272,36.62083166745408,0.0
0.5284144951369851,0.2630110268856323,0.4932468662554866,-25.623760375871168,38.43564056380675,0.0
0.5535770901435083,0.2754133486327302,0.49258842089897875,-26.83205237911969,40.24807856867954,0.0
0.5787396851500313,0.28779868158629857,0.4918995903668094,-28.03868925490215,42.05803388235322,0.0
0.6039022801565544,0.30016626176062117,0.49118041714929256,-29.243596572168432,43.86539485825265,0.0
0.6290648751630775,0.3125153262650574,0.49043094560842215,-30.44670000655579,45.67005000983369,0.0
0.6542274701696007,0.3248451133511,0.4896512219751354,-31.647925344973434,47.47188801746015,0.0
0.6793900651761238,0.337154862459364,0.48884129434646145,-32.847198490180425,49.270797735270634,0.0
0.7045526601826468,0.3494438142665012,0.48800121268255414,-34.04444546535625,51.06666819803437,0.0
0.7297152551891699,0.36171121073203905,0.48713102880361026,-35.23959241866417,52.85938862799625,0.0
0.7548778501956931,0.37395629514514017,0.4862307963866731,-36.432565627806675,54.64884844171001,0.0
0.7800404452022162,0.3861783121712795,0.48530057096232154,-37.623291504573025,56.434937256859534,0.0
0.8052030402087393,0.3983765078988374,0.4843404099112444,-38.81169659937854,58.21754489906782,0.0
0.8303656352152623,0.41055012988560396,0.4833503724607013,-39.99770760579535,59.99656140869302,0.0
0.8555282302217855,0.4226984272051936,0.48233051968086843,-41.18125136507416,61.77187704761124,0.0
0.8806908252283085,0.4348206504933656,0.48128091448107274,-42.36225487065719,63.54338230598578,0.0
0.9058534202348317,0.44691605199424833,0.48020162160591023,-43.54064527268144,65.31096790902215,0.0
0.9310160152413547,0.4589838856064643,0.47909270763125283,-44.71634988247245,67.07452482370867,0.0
0.9561786102478779,0.4710234069291536,0.4779542409601415,-45.889296177028115,68.83394426554217,0.0
0.981341205254401,0.48303387330789155,0.47678629181856674,-47.059411803492175,70.58911770523827,0.0
1.0065038002609241,0.49501454388049954,0.47558893225113685,-48.226624583617365,72.33993687542605,0.0
1.0316663952674472,0.5069646796227447,0.47436223611663375,-49.39086251821763,74.08629377732645,0.0
1.0568289902739703,0.5188835433939264,0.4731062790834572,-50.55205379160942,75.82808068741413,0.0
1.0819915852804933,0.5307703999823464,0.4718211386249571,-51.71012677604162,77.56519016406243,0.0
1.1071541802870166,0.542624516150661,0.47050689401465456,-52.86501003611388,79.29751505417082,0.0
1.1323167752935397,0.5544451606811089,0.4691636263213519,-54.01663233318303,81.02494849977455,0.0
1.1574793703000625,0.5662316044206183,0.46779141840413213,-55.16492262975757,82.74738394463635,0.0
1.1826419653065858,0.5779831203257823,0.4663903549072476,-56.309810093879356,84.46471514081904,0.0
1.207804560313109,0.5896989835077084,0.46496052225489876,-57.45122410349315,86.17683615523973,0.0
1.2329671553196322,0.6013784712767318,0.46350200864590335,-58.589094250802624,87.88364137620394,0.0
1.258129750326155,0.6130208631869943,0.46201490404825557,-59.723350346613664,89.58502551992049,0.0
1.283292345332678,0.624625441080886,0.4604993001935766,-60.853922424663885,91.28088363699582,0.0
1.3084549403392014,0.6361914891333422,0.45895529057145623,-61.980740745938384,92.97111111890757,0.0
1.3336175353457245,0.6477182938960022,0.4573829704236856,-63.103735802971805,94.6556037044577,0.0
1.3587801303522475,0.6592051443412152,0.45578243673838276,-64.22283832413567,96.3342574862035,0.0
1.3839427253587706,0.6706513319059013,0.4541537882440097,-65.33797927791144,98.00696891686717,0.0
1.4091053203652937,0.6820561505352593,0.45249712540328246,-66.44908987714885,99.67363481572328,0.0
1.434267915371817,0.6934188967263182,0.4508125504069737,-67.55610158330877,101.33415237496315,0.0
1.4594305103783398,0.7047388695713338,0.44910016716760975,-68.65894611069119,102.98841916603678,0.0
1.484593105384863,0.7160153708010232,0.44736008131306026,-69.75755543064727,104.63633314597091,0.0
1.5097557003913862,0.7272477048276375,0.4455924001800227,-70.85186177577576,106.27779266366365,0.0
1.5349182953979092,0.7384351787878694,0.44379723280740146,-71.9417976441032,107.9126964661548,0.0
1.5600808904044323,0.749577102585592,0.44197468992958194,-73.02729580324771,109.54094370487157,0.0
1.5852434854109554,0.7606727889344272,0.44012488396959937,-74.10828929456626,111.1624339418494,0.0
1.6104060804174787,0.77172155340014,0.4382479290322047,-75.18471143728492,112.77706715592737,0.0
1.6355686754240017,0.7827227144428591,0.4363439408968257,-76.25649583261212,114.38474374891818,0.0
1.6607312704305246,0.7936755934591163,0.4344130370104251,-77.3235763678344,115.9853645517516,0.0
1.685893865437048,0.8045795148237065,0.4324553364802561,-78.38588722039457,117.57883083059184,0.0
1.711056460443571,0.8154338059313633,0.43047096006651525,-79.44336286195194,119.1650442929279,0.0
1.736219055450094,0.8262377972382484,0.4284600301748933,-80.49593806242443,120.74390709363664,0.0
1.761381650456617,0.8369908223032525,0.42642267084902463,-81.54354789401226,122.31532184101839,0.0
1.7865442454631402,0.8476922178291042,0.4243590077628358,-82.58612773520302,123.87919160280454,0.0
1.8117068404696635,0.8583413237032854,0.42226916821279326,-83.62361327475783,125.43541991213674,0.0
1.8368694354761865,0.8689374830387504,0.42015328111005085,-84.6559405156783,126.98391077351744,0.0
1.8620320304827094,0.879480042214445,0.41801147697249874,-85.68304577915421,128.52456866873132,0.0
1.8871946254892327,0.8899683509156265,0.41584388791671173,-86.70486570849164,130.05729856273746,0.0
1.9123572204957557,0.9004017621739762,0.4136506476497998,-87.72133727302084,131.58200590953126,0.0
1.937519815502279,0.9107796324075089,0.4114318914611607,-88.7323977719845,133.09859665797674,0.0
1.962682410508802,0.9211013214602717,0.4091877562141344,-89.73798483840528,134.60697725760792,0.0
1.987845005515325,0.9313661926418317,0.40691838033756095,-90.73803644293308,136.1070546643996,0.0
2.0130076005218482,0.9415736127665498,0.4046239038172413,-91.73249089767104,137.59873634650657,0.0
2.0381701955283713,0.9517229521926392,0.40230446818730237,-92.72128685998094,139.0819302899714,0.0
2.0633327905348944,0.9618135848610042,0.3999602165214668,-93.70436333626706,140.5565450044006,0.0
2.0884953855414174,0.9718448883338587,0.3975912934242271,-94.68165968573852,142.0224895286078,0.0
2.1136579805479405,0.9818162438331212,0.3951978450219261,-95.65311562414992,143.47967343622489,0.0
2.1388205755544636,0.9917270362785834,0.392780018953743,-96.61867122751993,144.92800684127988,0.0
2.1639831705609867,1.001576654325852,0.39033796436258633,-97.57826693582764,146.36740040374147,0.0
2.18914576556751,1.0113644904040586,0.3878718318858941,-98.53184355668672,147.79776533503008,0.0
2.2143083605740332,1.0210899407533378,0.38538177364634185,-99.47934226899633,149.2190134034945,0.0
2.239470955580556,1.030752405462071,0.3828679432424588,-100.42070462656983,150.63105693985474,0.0
2.2646335505870794,1.0403512885038888,0.38033049573915356,-101.35587256173976,152.03380884260963,0.0
2.2897961455936024,1.0498859977744417,0.37776958765814866,-102.28478838893994,153.42718258340992,0.0
2.314958740600125,1.059355945127918,0.37518537696832543,-103.2073948082636,154.8110922123954,0.0
2.3401213356066486,1.0687605464133276,0.37257802307598026,-104.123634908998,156.185452363497,0.0
2.3652839306131717,1.078099221510534,0.369947686814991,-105.03345217313495,157.55017825970242,0.0
2.3904465256196947,1.0873713943660386,0.3672945304368969,-105.93679047885706,158.9051857182856,0.0
2.415609120626218,1.0965764930285138,0.3646187176008891,-106.8335941039997,160.25039115599955,0.0
2.440771715632741,1.1057139496840855,0.36192041336371605,-107.72380772948809,161.58571159423212,0.0
2.4659343106392644,1.1147832006913572,0.3591997841695018,-108.6073764427497,162.91106466412455,0.0
2.491096905645787,1.1237836866161774,0.35645699783947893,-109.48424574110152,164.22636861165228,0.0
2.51625950065231,1.13271485226615,0.35369222356163665,-110.35436153511203,165.53154230266804,0.0
2.5414220956588336,1.1415761467248802,0.3509056318802844,-111.21767015193768,166.82650522790652,0.0
2.566584690665356,1.1503670233859569,0.348097394685532,-112.07411833863375,168.11117750795063,0.0
2.5917472856718797,1.159086939986671,0.3452676852026866,-112.92365326543909,169.38547989815862,0.0
2.616909880678403,1.1677353586414647,0.342416677981567,-113.76622252903503,170.64933379355256,0.0
2.6420724756849254,1.1763117458751096,0.3395445488857372,-114.60177415577789,171.90266123366683,0.0
2.667235070691449,1.184815572655616,0.33665147508165794,-115.43025660490487,173.1453849073573,0.0
2.692397665697972,1.1932463144268641,0.3337376350277581,-116.25161877171337,174.37742815757005,0.0
2.717560260704495,1.201603451140963,0.3308032084634269,-117.06580999071342,175.59871498607012,0.0
2.742722855711018,1.2098864672903276,0.3278483763979266,-117.87278003875281,176.8091700581292,0.0
2.767885450717541,1.2180948519394796,0.3248733210992268,-118.67247913811532,178.008718707173,0.0
2.7930480457240647,1.2262280987565621,0.3218782260827614,-119.46485795959099,179.1972869393865,0.0
2.8182106407305874,1.2342857060445755,0.31886327610010873,-120.2498676255192,180.3748014382788,0.0
2.8433732357371104,1.242267176772322,0.31582865712759506,-121.02745971280358,181.54118956920536,0.0
2.868535830743634,1.2501720186050647,0.3127745563548225,-121.7975862558988,182.6963793838482,0.0
2.8936984257501566,1.2579997439348996,0.3097011621731225,-122.56019974976971,183.84029962465456,0.0
2.9188610207566796,1.2657498699108316,0.30660866416393495,-123.31525315282134,184.972879729232,0.0
2.944023615763203,1.2734219184685605,0.3034972530871138,-124.06269988980081,186.09404983470122,0.0
2.969186210769726,1.2810154163599672,0.3003671208691601,-124.80249385467022,187.20374078200533,0.0
2.9943488057762493,1.2885299130856158,0.2972213950457052,-125.08976482666918,187.63464724000377,0.004565849367432194
3.0195114007827724,1.295965212441393,0.2940736508105273,-125.1039683860029,187.65595257900435,0.011855358539762625
3.0446739957892954,1.303321301453414,0.29092555089026256,-125.11802063080796,187.67703094621194,0.019067210512332178
3.0698365907958185,1.3105981712244146,0.28777709909257004,-125.13192154408806,187.69788231613208,0.026201396562332693
3.0949991858023416,1.3177958129529457,0.2846282992255343,-125.14567110902983,187.71850666354476,0.03325790806089275
3.1201617808088646,1.324914217933387,0.2814791550976609,-125.15926930900314,187.7389039635047,0.0402367364730902
3.1453243758153877,1.3319533775559547,0.27832967051787205,-125.17271612756072,187.75907419134109,0.04713787335796045
3.1704869708219108,1.338913283306713,0.27517984929550143,-125.1860115484386,187.7790173226579,0.0539613103685076
3.1956495658284343,1.3457939267675847,0.27202969524029,-125.19915555555576,187.79873333333364,0.06070703925171522
3.2208121608349574,1.3525952996163615,0.2688792121623815,-125.21214813301442,187.81822219952164,0.0673750518485551
3.24597475584148,1.3593173936267136,0.2657284038723171,-125.22498926509992,187.8374838976499,0.07396534009399844
3.2711373508480035,1.3659602006681988,0.26257727418103183,-125.23767893628082,187.85651840442122,0.08047789601702296
3.2962999458545266,1.3725237127062742,0.2594258268998493,-125.25021713120874,187.87532569681312,0.08691271174062642
3.321462540861049,1.3790079218023057,0.256274065840477,-125.26260383471867,187.893905752078,0.09326977948183393
3.3466251358675727,1.3854128201135758,0.25312199481500236,-125.27483903182878,187.91225854774316,0.09954909155170637
3.371787730874096,1.3917383998932937,0.2499696176358875,-125.28692270774043,187.93038406161065,0.10575064035535162
3.396950325880619,1.397984653490607,0.24681693811596472,-125.29885484783831,187.94828227175748,0.11187441839193328
3.422112920887142,1.4041515733506076,0.24366396006843216,-125.31063543769038,187.96595315653556,0.11792041825467897
3.447275515893665,1.4102391520143431,0.24051068730684902,-125.32226446304789,187.98339669457184,0.1238886326308902
3.472438110900188,1.4162473821188248,0.23735712364513098,-125.33374190984541,188.00061286476813,0.12977905430195072
3.497600705906711,1.422176256397037,0.23420327289754544,-125.34506776420085,188.01760164630127,0.13559167614333548
3.522763300913234,1.4280257676779455,0.23104913887870723,-125.3562420124155,188.03436301862325,0.1413264911246181
3.5479258959197577,1.4337959088865067,0.22789472540357358,-125.36726464097397,188.05089696146095,0.14698349230948207
3.5730884909262803,1.4394866730436757,0.22474003628743988,-125.37813563654429,188.06720345481642,0.15256267285572606
3.598251085932804,1.445098053266415,0.22158507534593488,-125.38885498597783,188.08328247896674,0.1580640260152744
3.623413680939327,1.450630042767704,0.2184298463950161,-125.39942267630948,188.09913401446423,0.16348754513418515
3.6485762759458495,1.4560826348565437,0.21527435325096514,-125.40983869475751,188.11475804213626,0.16883322365265532
3.673738870952373,1.4614558229379684,0.2121185997303833,-125.4201030287236,188.1301545430854,0.17410105510503276
3.698901465958896,1.466749600513052,0.20896258965018671,-125.430215665793,188.1453234986895,0.1792910331198207
3.7240640609654188,1.4719639611789168,0.20580632682760183,-125.4401765937343,188.16026489060144,0.18440315141968808
3.7492266559719423,1.4770988986287403,0.20264981508016075,-125.44998580049969,188.17497870074953,0.1894374038214757
3.7743892509784653,1.482154406651763,0.19949305822569668,-125.45964327422485,188.18946491133727,0.19439378423620376
3.799551845984989,1.4871304791332958,0.19633606008233936,-125.46914900322895,188.20372350484342,0.19927228666907912
3.8247144409915115,1.4920271100547287,0.19317882446851034,-125.4785029760147,188.21775446402205,0.20407290521950358
3.8498770359980345,1.4968442934935366,0.1900213552029183,-125.48770518126838,188.23155777190257,0.2087956340810798
3.875039631004558,1.5015820236232869,0.18686365610455466,-125.49675560785984,188.24513341178977,0.21344046754161958
3.9002022260110807,1.5062402947136462,0.18370573099268875,-125.5056542448425,188.25848136726376,0.2180073999831479
3.925364821017604,1.5108191011303884,0.18054758368686322,-125.51440108145336,188.27160162218004,0.22249642588191482
3.9505274160241273,1.5153184373354,0.17738921800688953,-125.52299610711303,188.28449416066954,0.22690753980839706
3.97569001103065,1.5197382978866882,0.17423063777284334,-125.53143931142573,188.29715896713859,0.23124073642730703
4.000852606037173,1.5240786774383865,0.17107184680505969,-125.53973068417935,188.30959602626902,0.23549601049759927
4.0260152010436965,1.528339570740761,0.1679128489241285,-125.54787021534533,188.321805323018,0.23967335687247632
4.0511777960502195,1.532520972640218,0.16475364795089,-125.55585789507887,188.3337868426183,0.24377277049939508
4.076340391056743,1.5366228780793088,0.16159424770643013,-125.5636937137188,188.3455405705782,0.24779424642007208
4.101502986063266,1.5406452820967373,0.15843465201207574,-125.5713776617876,188.35706649268138,0.2517377797704926
4.126665581069789,1.5445881798273646,0.1552748646893901,-125.57890972999144,188.36836459498716,0.25560336578091125
4.151828176076312,1.5484515665022156,0.15211488956016836,-125.58628990922023,188.37943486383034,0.2593909997758632
4.176990771082835,1.5522354374484848,0.14895473044643268,-125.59351819054756,188.39027728582133,0.26310067717416646
4.202153366089358,1.5559397880895411,0.14579439117042786,-125.60059456523074,188.4008918478461,0.26673239348892763
4.227315961095881,1.5595646139449348,0.1426338755546165,-125.60751902471083,188.41127853706624,0.2702861443275489
4.252478556102404,1.5631099106304018,0.13947318742167455,-125.61429156061263,188.42143734091894,0.2737619253917322
4.277641151108927,1.5665756738578702,0.1363123305944866,-125.6209121647447,188.43136824711704,0.2771597324774853
4.30280374611545,1.5699618994354634,0.13315130889614135,-125.62738082909931,188.44107124364896,0.28047956147512576
4.327966341121973,1.5732685832675068,0.12999012614992686,-125.6336975458526,188.4505463187789,0.2837214083692859
4.353128936128496,1.576495721354533,0.12682878617932597,-125.6398623073644,188.4597934610466,0.28688526923891955
4.37829153113502,1.5796433097932852,0.1236672928080117,-125.64587510617834,188.4688126592675,0.28997114025730397
4.4034541261415425,1.5827113447767232,0.12050564985984255,-125.65173593502196,188.47760390253293,0.29297901769204693
4.4286167211480665,1.5856998225940266,0.11734386115885803,-125.65744478680647,188.4861671802097,0.29590889790508956
4.4537793161545896,1.5886087396306017,0.11418193052927386,-125.66300165462694,188.4945024819404,0.2987607773527123
4.478941911161112,1.5914380923680835,0.11101986179547751,-125.66840653176234,188.50260979764352,0.3015346525855378
4.504104506167636,1.594187877384341,0.10785765878202339,-125.67365941167536,188.51048911751303,0.3042305202485353
4.529267101174159,1.5968580913534804,0.1046953253136284,-125.67876028801264,188.51814043201895,0.3068483770810248
4.554429696180681,1.599448731045851,0.10153286521516719,-125.68370915460457,188.52556373190686,0.3093882199166822
4.579592291187205,1.6019597933280478,0.09837028231166758,-125.68850600546547,188.5327590081982,0.31185004568354197
4.604754886193728,1.6043912751629157,0.0952075804283059,-125.69315083479351,188.53972625219026,0.3142338514040005
4.62991748120025,1.6067431736095517,0.09204476339040243,-125.69764363697067,188.546465455456,0.31653963419482034
4.655080076206774,1.6090154858233112,0.08888183502341669,-125.70198440656294,188.55297660984442,0.3187673912671334
4.680242671213297,1.6112082090558093,0.08571879915294289,-125.70617313832007,188.5592597074801,0.3209171199264454
4.70540526621982,1.613321340654925,0.08255565960470525,-125.71020982717573,188.5653147407636,0.322988817572637
4.730567861226343,1.6153548780648035,0.0793924202045534,-125.7140944682475,188.57114170237125,0.32498248169996913
4.755730456232866,1.6173088188258604,0.07622908477845769,-125.71782705683692,188.57674058525538,0.32689810989708384
4.7808930512393895,1.6191831605747853,0.07306565715250471,-125.72140758842933,188.582111382644,0.32873569984701
4.8060556462459125,1.6209779010445418,0.06990214115289248,-125.72483605869411,188.58725408804116,0.3304952493271632
4.831218241252436,1.622693038064373,0.06673854060592593,-125.72811246348441,188.5921686952266,0.3321767562093508
4.856380836258959,1.6243285695598033,0.06357485933801231,-125.73123679883741,188.59685519825612,0.33378021845977274
4.881543431265482,1.625884493552641,0.06041110117565639,-125.73420906097424,188.60131359146135,0.33530563413902537
4.906706026272005,1.6273608081609798,0.05724726994545605,-125.73702924629985,188.60554386944978,0.3367530014021026
4.931868621278529,1.6287575115992023,0.05408336947409749,-125.73969735140322,188.60954602710484,0.33812231849839935
4.957031216285051,1.6300746021779813,0.050919403588350676,-125.74221337305728,188.61332005958593,0.33941358377171205
4.982193811291574,1.6313120783042818,0.047755376115064696,-125.74457730821888,188.61686596232832,0.340626795660242
5.007356406298098,1.6324699384813643,0.04459129088116312,-125.74678915402876,188.62018373104314,0.3417619526965973
5.03251900130462,1.633548181308785,0.04142715171363939,-125.7488489078117,188.62327336171757,0.3428190535077942
5.057681596311143,1.634546805482398,0.03826296243955216,-125.75075656707641,188.62613485061462,0.3437980968152577
5.082844191317667,1.6354658097943575,0.035098726886020726,-125.75251212951558,188.62876819427336,0.34469908143482586
5.108006786324189,1.636305193133118,0.031934448880220324,-125.75411559300578,188.63117338950866,0.3455220062767482
5.133169381330712,1.6370649544834373,0.02877013224937755,-125.75556695560768,188.63335043341152,0.34626687034568815
5.158331976337236,1.6377450929263762,0.02560578082076571,-125.75686621556576,188.63529932334865,0.3469336727407264
5.1834945713437595,1.6383456076392997,0.022441398421700214,-125.7580133713086,188.6370200569629,0.3475224126553576
5.208657166350282,1.63886649789588,0.019276988879533913,-125.75900842144871,188.63851263217308,0.3480330893774949
5.233819761356806,1.6393077630660942,0.016112556021652503,-125.75985136478255,188.63977704717382,0.3484657022894697
5.258982356363329,1.6396694026162277,0.012948103675469875,-125.76054220029057,188.64081330043587,0.34882025086803187
5.284144951369851,1.639951416108874,0.009783635668423489,-125.7610809271372,188.6416213907058,0.34909673468435154
5.309307546376375,1.6401538032029344,0.006619155827969749,-125.76146754467085,188.64220131700628,0.34929515340401895
5.334470141382898,1.6402765636536205,0.0034546679815793684,-125.7617020524239,188.64255307863584,0.3494155067870446
5.35963273638942,1.6403196973124519,0.00029017595673274906,-125.7617844501127,188.64267667516904,0.3494577946878596
5.384795331395944,1.6402832042927649,-0.0028742927392206665,-125.75822913000722,188.63734369501083,0.3494577946878596
5.409957926402467,1.6401670870773903,-0.006038584135249685,-125.74691644955612,188.6203746743342,0.3494577946878596
5.43512052140899,1.639971352828985,-0.009202503042945823,-125.72784710657885,188.59177065986827,0.3494577946878596
5.460283116415513,1.6396960136213599,-0.012365854296877433,-125.70102227736231,188.55153341604347,0.3494577946878596
5.485445711422036,1.6393410864387346,-0.015528442766628429,-125.66644361658841,188.4996654248826,0.3494577946878596
5.510608306428559,1.6389065931746916,-0.01869007336883484,-125.624113257232,188.436169885848,0.3494577946878596
5.535770901435082,1.6383925606308227,-0.0218505510792185,-125.57403381042911,188.36105071564367,0.3494577946878596
5.5609334964416055,1.6377990205150792,-0.025009680944617016,-125.51620836531613,188.2743125479742,0.3494577946878596
5.5860960914481295,1.6371260094398126,-0.028167268095009457,-125.45064048883908,188.17596073325862,0.3494577946878596
5.611258686454652,1.6363735689195182,-0.031323117755536804,-125.37733422553363,188.06600133830045,0.3494577946878596
5.636421281461175,1.635541745368274,-0.0344770352585166,-125.2962940972756,187.9444411459134,0.3494577946878596
5.661583876467699,1.6346305900968774,-0.037628826055451,-125.20752510300208,187.81128765450313,0.3494577946878596
5.686746471474221,1.6336401593096808,-0.04077829572902739,-125.11103271840314,187.6665490776047,0.3494577946878596
5.711909066480744,1.6325705141011229,-0.04392525000511099,-125.00682289558381,187.5102343433757,0.3494577946878596
5.737071661487268,1.6314217204519625,-0.04706949476472858,-124.89490206269717,187.34235309404576,0.3494577946878596
5.76223425649379,1.6301938492252068,-0.05021083605604273,-124.77527712354778,187.16291568532168,0.3494577946878596
5.787396851500313,1.628886976161741,-0.053349080106315575,-124.64795545716574,186.9719331857486,0.3494577946878596
5.812559446506837,1.6275011818756555,-0.0564840333338617,-124.51294491735159,186.76941737602738,0.3494577946878596
5.837722041513359,1.6260365518492739,-0.05961550235998912,-124.37025383219178,186.55538074828766,0.3494577946878596
5.862884636519882,1.62449317642788,-0.06274329402092788,-124.21989100354502,186.32983650531753,0.3494577946878596
5.888047231526406,1.6228711508141442,-0.06586721537974514,-124.06186570649936,186.09279855974904,0.3494577946878596
5.9132098265329285,1.621170575062253,-0.06898707373824667,-123.89618768880001,185.84428153320002,0.3494577946878596
5.938372421539452,1.6193915540717334,-0.07210267664886312,-123.72286717024798,185.58430075537197,0.3494577946878596
5.9635350165459755,1.6175341975809863,-0.07521383192652131,-123.54191484206986,185.3128722631048,0.3494577946878596
5.988697611552499,1.6155986201605146,-0.07832034766049902,-123.35334186625818,185.03001279938726,0.3494577946878596
6.013860206559022,1.6135849412058572,-0.08142203222626293,-123.15715987488291,184.73573981232437,0.3494577946878596
6.039022801565545,1.6114932849302237,-0.08451869429728892,-122.95338096937404,184.43007145406105,0.3494577946878596
6.064185396572068,1.6093237803568323,-0.08761014285686405,-122.74201771977495,184.11302657966243,0.3494577946878596
6.089347991578591,1.6070765613109517,-0.09069618720986934,-122.52308316396726,183.78462474595088,0.3494577946878596
6.114510586585114,1.6047517664116449,-0.09377663699454278,-122.29659080686622,183.44488621029933,0.3494577946878596
6.139673181591637,1.6023495390632185,-0.09685130219422163,-122.06255461958801,183.09383192938202,0.3494577946878596
6.16483577659816,1.5998700274463797,-0.09991999314906366,-121.82098903858788,182.73148355788183,0.3494577946878596
6.189998371604683,1.5973133845090925,-0.10298252056774627,-121.57190896476953,182.3578634471543,0.3494577946878596
6.215160966611206,1.5946797679571434,-0.10603869553914273,-121.31532976256591,181.97299464384886,0.3494577946878596
6.240323561617729,1.5919693402444153,-0.10908832954397524,-121.05126725899163,181.57690088848744,0.3494577946878596
6.265486156624252,1.5891822685628654,-0.11213123446644369,-120.77973774266655,181.16960661399983,0.3494577946878596
6.290648751630775,1.5863187248322121,-0.11516722260582941,-120.50075796281122,180.75113694421682,0.3494577946878596
6.3158113466372985,1.5833788856893307,-0.11819610668807355,-120.21434512821338,180.32151769232007,0.3494577946878596
6.3409739416438216,1.5803629324773563,-0.12121769987732904,-119.92051690616671,179.88077535925007,0.3494577946878596
6.366136536650345,1.5772710512344994,-0.1242318157874854,-119.61929142138099,179.4289371320715,0.3494577946878596
6.391299131656869,1.5741034326825685,-0.12723826849366598,-119.31068725486392,178.96603088229588,0.3494577946878596
6.416461726663391,1.570860272215207,-0.13023687254369662,-118.99472344277514,178.49208516416272,0.3494577946878596
6.441624321669915,1.5675417698858396,-0.1332274429695454,-118.67141947525191,178.00712921287786,0.3494577946878596
6.466786916676438,1.5641481303953315,-0.13620979529873203,-118.34079529520686,177.51119294281028,0.3494577946878596
6.49194951168296,1.560679563079363,-0.13918374556570734,-118.00287129709783,177.00430694564673,0.3494577946878596
6.517112106689484,1.557136281895516,-0.14214911032320085,-117.65766832566987,176.4865024885048,0.3494577946878596
6.542274701696007,1.5535185054100746,-0.1451057066535368,-117.30520767466943,175.95781151200416,0.3494577946878596
6.567437296702529,1.549826456784546,-0.14805335217991733,-116.94551108553081,175.4182666282962,0.3494577946878596
6.592599891709053,1.546060363761892,-0.1509918650776724,-116.57860074603506,174.8679011190526,0.3494577946878596
6.617762486715576,1.5422204586524817,-0.15392106408547557,-116.20449928894142,174.30674893341214,0.3494577946878596
6.642925081722098,1.5383069783197618,-0.15684076851652493,-115.82322979059109,173.73484468588663,0.3494577946878596
6.668087676728622,1.534320164165647,-0.15975079826968885,-115.43481576948392,173.15222365422588,0.3494577946878596
6.693250271735145,1.5302602621156258,-0.16265097384061553,-115.03928118482754,172.55892177724132,0.3494577946878596
6.718412866741668,1.5261275226035929,-0.1655411163328055,-114.63665043505951,171.95497565258927,0.3494577946878596
6.743575461748192,1.5219222005564015,-0.16842104746864686,-114.22694835634228,171.3404225345134,0.3494577946878596
6.768738056754715,1.5176445553781386,-0.17129058960041235,-113.81020022103128,170.71530033154693,0.3494577946878596
6.793900651761238,1.5132948509341209,-0.1741495657212174,-113.38643173611588,170.07964760417383,0.3494577946878596
6.819063246767761,1.5088733555346212,-0.17699779947593886,-112.95566904163366,169.43350356245048,0.3494577946878596
6.844225841774284,1.5043803419183175,-0.17983511517209336,-112.51793870905806,168.7769080635871,0.3494577946878596
6.869388436780807,1.4998160872354678,-0.18266133779067484,-112.07326773965933,168.109901609489,0.3494577946878596
6.89455103178733,1.4951808730308145,-0.18547629299695043,-111.62168356283881,167.4325253442582,0.3494577946878596
6.919713626793853,1.4904749852262187,-0.18827980715121453,-111.16321403443713,166.7448210516557,0.3494577946878596
6.944876221800376,1.4856987141030218,-0.19107170731949946,-110.69788743501586,166.0468311525238,0.3494577946878596
6.970038816806899,1.4808523542841399,-0.19385182128424297,-110.22573246811295,165.33859870216943,0.3494577946878596
6.995201411813422,1.47593620471589,-0.19661997755491134,-109.74677825847233,164.6201673877085,0.3494577946878596
7.020364006819946,1.4709505686495508,-0.19937600537857791,-109.26105435024726,163.8915815253709,0.3494577946878596
7.045526601826468,1.465895753622655,-0.2021197347504557,-108.76859070517793,163.1528860577669,0.3494577946878596
7.0706891968329915,1.4607720714400199,-0.20485099642438423,-108.26941770074319,162.40412655111479,0.3494577946878596
7.095851791839515,1.4555798381545133,-0.2075696219232694,-107.76356612828691,161.64534919243036,0.3494577946878596
7.121014386846038,1.4503193740475584,-0.21027544354947594,-107.2510671911184,160.87660078667759,0.3494577946878596
7.146176981852561,1.4449910036093767,-0.2129682943951719,-106.73195250258782,160.09792875388172,0.3494577946878596
7.171339576859085,1.4395950555189727,-0.215648008352624,-106.20625408413605,159.30938112620407,0.3494577946878596
7.196502171865608,1.4341318626238595,-0.2183144201244443,-105.67400436331953,158.5110065449793,0.3494577946878596
7.22166476687213,1.428601761919525,-0.22096736523378638,-105.13523617180977,157.70285425771465,0.3494577946878596
7.246827361878654,1.423005094528648,-0.22360668003449097,-104.58998274336835,156.88497411505253,0.3494577946878596
7.271989956885177,1.4173422056800538,-0.22623220172118047,-104.03827771179692,156.05741656769538,0.3494577946878596
7.297152551891699,1.4116134446874185,-0.22884376833930165,-103.48015510886228,155.22023266329342,0.3494577946878596
7.322315146898223,1.4058191649277239,-0.23144121879511567,-102.91564936219737,154.37347404329606,0.3494577946878596
7.347477741904746,1.3999597238194568,-0.23402439286563503,-102.34479529317747,153.5171929397662,0.3494577946878596
7.372640336911268,1.394035482800564,-0.23659313120850703,-101.76762811477236,152.65144217215854,0.3494577946878596
7.397802931917792,1.3880468073061558,-0.23914727537184283,-101.18418342937406,151.7762751440611,0.3494577946878596
7.422965526924315,1.3819940667459654,-0.24168666780399115,-100.59449722660099,150.8917458399015,0.3494577946878596
7.4481281219308375,1.3758776344815604,-0.24421115186325704,-99.99860588107764,149.99790882161645,0.3494577946878596
7.4732907169373615,1.3696978878033128,-0.24672057182756443,-99.39654615019093,149.0948192252864,0.3494577946878596
7.4984533119438845,1.363455207907127,-0.24921477290406155,-98.78835517182296,148.18253275773444,0.3494577946878596
7.523615906950408,1.3571499798709246,-0.2516936012386693,-98.1740704620601,147.26110569309014,0.3494577946878596
7.548778501956931,1.3507825926308903,-0.2541569039255719,-97.55372991287861,146.3305948693179,0.3494577946878596
7.573941096963454,1.3443534389574832,-0.2566045290166486,-96.9273717898077,145.39105768471154,0.3494577946878596
7.599103691969978,1.337862915431206,-0.2590363255308467,-96.29503472956878,144.44255209435318,0.3494577946878596
7.6242662869765,1.3313114224181435,-0.26145214346349455,-95.65675773769227,143.48513660653842,0.3494577946878596
7.649428881983023,1.3246993640452658,-0.263851833795555,-95.01258018611168,142.51887027916752,0.3494577946878596
7.674591476989547,1.3180271481754997,-0.26623524850281716,-94.36254181073468,141.54381271610202,0.3494577946878596
7.699754071996069,1.3112951863825701,-0.26860224056502763,-93.70668270899232,140.56002406348847,0.3494577946878596
7.724916667002592,1.3045038939256126,-0.27095266397495876,-93.04504333736547,139.5675650060482,0.3494577946878596
7.750079262009116,1.297653689723557,-0.27328637374741577,-92.37766450888927,138.5664967633339,0.3494577946878596
7.775241857015638,1.2907449963292876,-0.2756032259281797,-91.70458739063558,137.55688108595336,0.3494577946878596
7.800404452022161,1.2837782399035778,-0.27790307760288735,-91.0258535011737,136.53878025176056,0.3494577946878596
7.825567047028685,1.276753850188802,-0.2801857869058469,-90.34150470800915,135.51225706201373,0.3494577946878596
7.850729642035208,1.2696722604824282,-0.28245121302878884,-89.65158322500129,134.47737483750194,0.3494577946878596
7.875892237041731,1.2625339076102893,-0.2846992162295515,-88.9561316097592,133.4341974146388,0.3494577946878596
7.9010548320482545,1.255339231899638,-0.2869296578407014,-88.25519276101657,132.38278914152485,0.3494577946878596
7.926217427054778,1.2480886771519843,-0.28914240027808635,-87.5488099159855,131.32321487397826,0.3494577946878596
7.9513800220613,1.240782690615721,-0.2913373070493232,-86.83702664768947,130.2555399715342,0.3494577946878596
7.976542617067824,1.2334217229585358,-0.29351424276221605,-86.11988686227556,129.17983029341335,0.3494577946878596
8.001705212074347,1.2260062282396098,-0.2956730731331092,-85.39743479630603,128.09615219445905,0.3494577946878596
8.026867807080869,1.2185366638816115,-0.2978136649951694,-84.66971501402965,127.00457252104447,0.3494577946878596
8.052030402087393,1.2110134906424783,-0.29993588630660084,-83.93677240463275,125.90515860694913,0.3494577946878596
8.077192997093917,1.2034371725869977,-0.3020396061587897,-83.19865217947033,124.7979782692055,0.3494577946878596
8.102355592100439,1.1958081770581779,-0.30412469478437937,-82.45539986927697,123.68309980391545,0.3494577946878596
8.127518187106961,1.1881269746484238,-0.30619102356527517,-81.70706132135864,122.56059198203795,0.3494577946878596
8.152680782113485,1.180394039170506,-0.3082384650405781,-80.9536826967643,121.43052404514646,0.3494577946878596
8.177843377120007,1.172609847628334,-0.31026689291444715,-80.19531046743863,120.29296570115794,0.3494577946878596
8.203005972126531,1.1647748801875344,-0.31227618206388985,-79.43199141335538,119.14798712003306,0.3494577946878596
8.228168567133055,1.1568896201458299,-0.3142662085464805,-78.66377261963184,117.99565892944776,0.3494577946878596
8.253331162139578,1.1489545539032273,-0.3162368496080055,-77.89070147362425,116.83605221043636,0.3494577946878596
8.278493757146101,1.1409701709320152,-0.31818798369003554,-77.11282566200481,115.66923849300721,0.3494577946878596
8.303656352152624,1.1329369637465707,-0.32011949043742327,-76.33019316782021,114.49528975173031,0.3494577946878596
8.328818947159146,1.1248554278729779,-0.32203125070572836,-75.54285226753164,113.31427840129747,0.3494577946878596
8.35398154216567,1.1167260618184622,-0.32392314656856613,-74.75085152803706,112.12627729205559,0.3494577946878596
8.379144137172194,1.1085493670406412,-0.32579506132488223,-73.9542398036753,110.93135970551296,0.3494577946878596
8.404306732178716,1.1003258479165894,-0.32764687950615107,-73.15306623321233,109.72959934981849,0.3494577946878596
8.42946932718524,1.09205601171173,-0.3294784868834983,-72.34738023681048,108.52107035521571,0.3494577946878596
8.454631922191762,1.0837403685485398,-0.3312897704747478,-71.53723151297963,107.30584726946945,0.3494577946878596
8.479794517198284,1.0753794313750857,-0.33308061855138965,-70.72267003551177,106.08400505326766,0.3494577946878596
8.504957112204808,1.0669737159333825,-0.3348509206454734,-69.90374605039831,104.85561907559747,0.3494577946878596
8.530119707211332,1.0585237407275805,-0.33660056755642126,-69.08051007273082,103.62076510909623,0.3494577946878596
8.555282302217854,1.0500300269919791,-0.3383294513577647,-68.2530128835847,102.37951932537706,0.3494577946878596
8.580444897224378,1.041493098658878,-0.3400374654038016,-67.42130552688711,101.13195829033067,0.3494577946878596
8.6056074922309,1.0329134823262562,-0.34172450433617474,-66.58543930626813,99.8781589594022,0.3494577946878596
8.630770087237423,1.0242917072252906,-0.3433904640903708,-65.74546578189624,98.61819867284436,0.3494577946878596
8.655932682243947,1.015628305187708,-0.34503524190213936,-64.90143676729762,97.35215515094643,0.3494577946878596
8.68109527725047,1.0069238106129819,-0.3466587363138322,-64.05340432616032,96.08010648924048,0.3494577946878596
8.706257872256993,0.9981787604353676,-0.3482608471806616,-63.20142076912262,94.80213115368393,0.3494577946878596
8.731420467263517,0.9893936940907804,-0.34984147567687757,-62.345538650546196,93.5183079758193,0.3494577946878596
8.75658306227004,0.9805691534835218,-0.351400524301864,-61.485810765274444,92.22871614791167,0.3494577946878596
8.781745657276563,0.9717056829528515,-0.3529378968861529,-60.62229014537569,90.93343521806354,0.3494577946878596
8.806908252283085,0.9628038292394107,-0.3544534985973569,-59.75503005687205,89.63254508530808,0.3494577946878596
8.832070847289609,0.9538641414514959,-0.3559472359460185,-58.88408399645368,88.32612599468052,0.3494577946878596
8.857233442296133,0.9448871710311885,-0.35741901679137705,-58.00950568817893,87.0142585322684,0.3494577946878596
8.882396037302655,0.9358734717203373,-0.35886875034705273,-57.13134908016022,85.69702362024033,0.3494577946878596
8.907558632309179,0.9268235995264028,-0.36029634718664644,-56.24966834123641,84.37450251185462,0.3494577946878596
8.932721227315701,0.9177381126881594,-0.36170171924925576,-55.36451785763135,83.04677678644703,0.3494577946878596
8.957883822322223,0.9086175716412606,-0.36308477984490783,-54.47595222959911,81.71392834439867,0.3494577946878596
8.983046417328747,0.8994625389836687,-0.36444544365990567,-53.58402626805599,80.37603940208399,0.3494577946878596
9.008209012335271,0.8902735794409509,-0.36578362676209164,-52.688794991199465,79.0331924867992,0.3494577946878596
9.033371607341794,0.8810512598314446,-0.3670992466060244,-51.79031362111437,77.68547043167156,0.3494577946878596
9.058534202348318,0.8717961490312943,-0.36839222203807054,-50.888637580366826,76.33295637055024,0.3494577946878596
9.083696797354841,0.8625088179393583,-0.369662473301411,-49.98382248858501,74.97573373287752,0.3494577946878596
9.108859392361362,0.8531898394419952,-0.37090992204096035,-49.07592415902883,73.61388623854324,0.3494577946878596
9.134021987367886,0.8438397883777247,-0.3721344913082004,-48.164998595146635,72.24749789271995,0.3494577946878596
9.15918458237441,0.8344592415017686,-0.3733361055659266,-47.25110198712097,70.87665298068146,0.3494577946878596
9.184347177380932,0.8250487774504746,-0.3745146906929076,-46.33429070840237,69.50143606260356,0.3494577946878596
9.209509772387456,0.8156089767056222,-0.3756701739884574,-45.414621312231965,68.12193196834795,0.3494577946878596
9.23467236739398,0.8061404215586165,-0.37680248417692,-44.49215052815304,66.73822579222956,0.3494577946878596
9.2598349624005,0.7966436960745703,-0.3779115514120657,-43.56693525851171,65.35040288776757,0.3494577946878596
9.284997557407024,0.787119386056275,-0.3789973072813996,-42.639032574946924,63.958548862420386,0.3494577946878596
9.310160152413548,0.777568079008066,-0.3800596848103818,-41.70849971486993,62.562749572304895,0.3494577946878596
9.33532274742007,0.7679903640995832,-0.381098618466559,-40.7753940779337,61.163091116900546,0.3494577946878596
9.360485342426594,0.7583868321294277,-0.38211404416360595,-39.8397732224922,59.7596598337383,0.3494577946878596
9.385647937433118,0.7487580754887183,-0.3831058992652794,-38.901694862049915,58.35254229307487,0.3494577946878596
9.41081053243964,0.7391046881245508,-0.3840741225892815,-37.96121686170184,56.941825292552764,0.3494577946878596
9.435973127446163,0.7294272655033599,-0.3850186544110337,-37.018397234564084,55.52759585184613,0.3494577946878596
9.461135722452687,0.7197264045741882,-0.38593943646736134,-36.0732941381953,54.10994120729295,0.3494577946878596
9.486298317459209,0.7100027037318637,-0.3868364119600869,-35.125965871009285,52.68894880651393,0.3494577946878596
9.511460912465733,0.7002567627800881,-0.3877095255595338,-34.17647086867891,51.264706303018365,0.3494577946878596
9.536623507472257,0.6904891828944376,-0.38855872340794,-33.22486770053144,49.83730155079716,0.3494577946878596
9.561786102478779,0.68070056658528,-0.38938395312277935,-32.271215065935756,48.40682259890364,0.3494577946878596
9.586948697485301,0.6708915176606085,-0.39018516379999313,-31.315571790681464,46.9733576860222,0.3494577946878596
9.612111292491825,0.6610626411887967,-0.3909623060171303,-30.357996823350305,45.53699523502546,0.3494577946878596
9.637273887498347,0.6512145434612749,-0.3917153318363958,-29.398549231679905,44.097823847519855,0.3494577946878596
9.662436482504871,0.6413478319551308,-0.39244419480760756,-28.437288198920147,42.65593229838022,0.3494577946878596
9.687599077511395,0.6314631152956376,-0.39314884997106203,-27.474273020182512,41.21140953027377,0.3494577946878596
9.712761672517917,0.6215610032187114,-0.39382925386030737,-26.509563098782493,39.76434464817374,0.3494577946878596
9.73792426752444,0.6116421065332996,-0.39448536450482424,-25.543217942575296,38.314826913862944,0.3494577946878596
9.763086862530963,0.6017070370837038,-0.39511714143261567,-24.575297160285118,36.862945740427676,0.3494577946878596
9.788249457537486,0.5917564077118368,-0.3957245456727028,-23.60586045782816,35.40879068674224,0.3494577946878596
9.81341205254401,0.5817908322194221,-0.396307539757529,-22.634967634629813,33.95245145194472,0.3494577946878596
9.838574647550534,0.5718109253301294,-0.39686608772527115,-21.662678579935772,32.49401786990366,0.3494577946878596
9.863737242557058,0.561817302651657,-0.39740015512205795,-20.689053269117903,31.033579903676852,0.3494577946878596
9.88889983756358,0.5518105806377571,-0.3979097090040948,-19.71415175997463,29.571227639961943,0.3494577946878596
9.914062432570102,0.5417913765502116,-0.39839471793969655,-18.738034189026354,28.107051283539533,0.3494577946878596
9.939225027576626,0.531760308420755,-0.39885515201122573,-17.760760767805866,26.641141151708798,0.3494577946878596
9.964387622583148,0.5217179950129517,-0.39929098281693876,-16.782391779144252,25.17358766871638,0.3494577946878596
9.989550217589672,0.511665055784028,-0.3997021834727371,-15.802987573452349,23.704481360178523,0.3494577946878596
10.014712812596196,0.5016021108466614,-0.4000887286138259,-14.822608564998104,22.233912847497155,0.3494577946878596
10.039875407602718,0.49152978093072797,-0.400450594396279,-13.841315228179853,20.76197284226978,0.3494577946878596
10.06503800260924,0.4814486873450137,-0.40078775849850934,-12.859168093796022,19.288752140694033,0.3494577946878596
10.090200597615764,0.4713594519388891,-0.40110020012264563,-11.876227745311283,17.814341617966925,0.3494577946878596
10.115363192622286,0.4612626970639507,-0.401387899995816,-10.89255481511953,16.338832222679294,0.3494577946878596
10.14052578762881,0.45115904553563113,-0.4016508403713361,-9.908209980803736,14.862314971205604,0.3494577946878596
10.165688382635334,0.44104912059478113,-0.4018890050298041,-8.92325396139307,13.384880942089607,0.3494577946878596
10.190850977641857,0.43093354586922505,-0.4021023792801013,-7.937747513617492,11.906621270426239,0.3494577946878596
10.216013572648379,0.4208129453352928,-0.4022909499602982,-6.951751428159979,10.427627142239968,0.3494577946878596
10.241176167654903,0.41068794327932956,-0.40245470543846645,-5.965326525906659,8.947989788859989,0.3494577946878596
10.266338762661425,0.40055916425918725,-0.4025936356133962,-4.978533654195105,7.467800481292657,0.3494577946878596
10.291501357667949,0.3904272330656987,-0.4027077319152193,-3.9914336830609813,5.987150524591472,0.3494577946878596
10.316663952674473,0.38029277468413797,-0.40279698730593816,-3.004087501483308,4.506131252224962,0.3494577946878596
10.341826547680995,0.3701564142556675,-0.4028613962798598,-2.0165560136284952,3.024834020442743,0.3494577946878596
10.366989142687519,0.3600187770387774,-0.40290095486393457,-1.0289001350935563,1.5433502026403345,0.3494577946878596
10.392151737694041,0.3498804883707156,-0.402915660618003,-0.04118078914846119,0.06177118372269179,0.3494577946878596
